time, /cpu_monitor mem, /rosout mem, /record_1691084749065008229 mem
1691084759391259908, 38612992.000000, 17166336.000000, 25292800.000000
1691084760421603918, 38612992.000000, 17166336.000000, 25292800.000000
1691084761451441049, 38612992.000000, 17166336.000000, 25292800.000000
1691084762482414960, 38612992.000000, 17166336.000000, 25292800.000000
1691084763513103961, 38612992.000000, 17166336.000000, 25292800.000000
1691084764542047023, 38612992.000000, 17166336.000000, 25292800.000000
1691084765572237014, 38612992.000000, 17166336.000000, 25292800.000000
1691084766603178977, 38612992.000000, 17166336.000000, 25292800.000000
1691084767633512020, 38612992.000000, 17166336.000000, 25292800.000000
1691084768665158033, 38612992.000000, 17166336.000000, 25292800.000000
1691084769697436094, 38612992.000000, 17166336.000000, 25292800.000000
1691084770727930068, 38612992.000000, 17166336.000000, 25292800.000000
1691084771756628990, 38612992.000000, 17166336.000000, 25292800.000000
1691084772787030935, 38612992.000000, 17166336.000000, 25292800.000000
1691084773817643880, 38612992.000000, 17166336.000000, 25292800.000000
1691084774848943948, 38612992.000000, 17166336.000000, 25292800.000000
1691084775879374027, 38612992.000000, 17166336.000000, 25292800.000000
1691084776910332918, 38612992.000000, 17166336.000000, 25292800.000000
1691084777941148996, 38612992.000000, 17166336.000000, 25292800.000000
1691084778969825029, 38612992.000000, 17166336.000000, 25292800.000000
1691084779994524002, 38612992.000000, 17166336.000000, 25292800.000000
1691084781025765895, 38612992.000000, 17166336.000000, 25292800.000000
1691084782057358026, 38612992.000000, 17166336.000000, 25292800.000000
1691084783087868928, 38612992.000000, 17166336.000000, 25292800.000000
1691084784118474960, 38612992.000000, 17166336.000000, 25292800.000000
1691084785149455070, 38612992.000000, 17166336.000000, 25292800.000000
1691084786165676116, 38612992.000000, 17166336.000000, 25292800.000000
1691084787180110931, 38612992.000000, 17166336.000000, 25292800.000000
1691084788195456981, 38612992.000000, 17166336.000000, 25292800.000000
1691084789210715055, 38612992.000000, 17166336.000000, 25292800.000000
1691084790225482940, 38612992.000000, 17166336.000000, 25292800.000000
1691084791239896059, 38612992.000000, 17166336.000000, 25292800.000000
1691084792254235982, 38612992.000000, 17166336.000000, 25292800.000000
1691084793268233060, 38612992.000000, 17166336.000000, 25292800.000000
1691084795572556018, 38707200.000000, 17166336.000000, 25600000.000000
1691084796853307962, 38756352.000000, 17166336.000000, 25755648.000000
1691084797949776887, 38756352.000000, 17166336.000000, 25755648.000000
1691084799349879980, 38780928.000000, 17166336.000000, 26075136.000000
1691084800511934041, 38805504.000000, 17166336.000000, 26075136.000000
1691084801640116930, 38805504.000000, 17166336.000000, 26521600.000000
1691084802789084911, 38830080.000000, 17166336.000000, 26521600.000000
1691084803876313924, 38830080.000000, 17166336.000000, 26521600.000000
1691084804983972072, 38830080.000000, 17166336.000000, 26521600.000000
1691084806071787118, 38830080.000000, 17166336.000000, 26521600.000000
1691084807204443931, 38830080.000000, 17166336.000000, 26521600.000000
1691084808390719890, 38830080.000000, 17166336.000000, 26521600.000000
1691084809533734083, 38830080.000000, 17166336.000000, 26800128.000000
1691084810634145975, 38830080.000000, 17166336.000000, 26800128.000000
1691084811727471113, 38830080.000000, 17166336.000000, 26800128.000000
1691084812835567951, 38830080.000000, 17166336.000000, 26800128.000000
1691084813970628976, 38830080.000000, 17166336.000000, 26800128.000000
1691084815118304014, 38830080.000000, 17166336.000000, 26800128.000000
1691084816246742010, 38830080.000000, 17166336.000000, 26800128.000000
1691084817374830961, 38830080.000000, 17166336.000000, 26800128.000000
1691084818518811941, 38830080.000000, 17166336.000000, 26800128.000000
1691084819694864988, 38830080.000000, 17166336.000000, 26800128.000000
1691084820847343921, 38830080.000000, 17166336.000000, 26800128.000000
1691084821976213932, 38830080.000000, 17166336.000000, 26800128.000000
1691084823174010992, 38830080.000000, 17166336.000000, 26800128.000000
1691084824315887928, 38830080.000000, 17166336.000000, 26800128.000000
1691084825474047899, 38830080.000000, 17166336.000000, 26800128.000000
1691084826565489053, 38830080.000000, 17166336.000000, 26800128.000000
1691084827680589914, 38830080.000000, 17166336.000000, 26800128.000000
1691084828813165903, 38830080.000000, 17166336.000000, 26800128.000000
1691084829901253938, 38830080.000000, 17166336.000000, 26800128.000000
1691084831028871059, 38830080.000000, 17166336.000000, 26800128.000000
1691084832167143106, 38830080.000000, 17166336.000000, 26800128.000000
1691084833268824100, 38830080.000000, 17166336.000000, 26800128.000000
1691084834397587060, 38830080.000000, 17166336.000000, 26800128.000000
1691084835519377946, 38830080.000000, 17166336.000000, 27066368.000000
1691084836633341073, 38830080.000000, 17166336.000000, 27066368.000000
1691084837735600948, 38830080.000000, 17166336.000000, 27066368.000000
1691084838859721899, 38830080.000000, 17166336.000000, 27066368.000000
1691084839955394029, 38830080.000000, 17166336.000000, 27066368.000000
1691084841088815927, 38830080.000000, 17166336.000000, 27066368.000000
1691084842227742910, 38830080.000000, 17166336.000000, 27066368.000000
1691084843347172975, 38830080.000000, 17166336.000000, 27066368.000000
1691084844511121034, 38830080.000000, 17166336.000000, 27066368.000000
1691084845621787071, 38830080.000000, 17166336.000000, 27066368.000000
1691084846768665075, 38830080.000000, 17166336.000000, 27066368.000000
1691084847899379014, 38830080.000000, 17166336.000000, 27066368.000000
1691084849025085926, 38830080.000000, 17166336.000000, 27066368.000000
1691084850200300931, 38830080.000000, 17166336.000000, 27066368.000000
1691084851344604015, 38830080.000000, 17166336.000000, 27066368.000000
1691084852500510931, 38830080.000000, 17166336.000000, 27066368.000000
1691084853576143980, 38830080.000000, 17166336.000000, 27066368.000000
1691084854799046039, 38830080.000000, 17166336.000000, 27066368.000000
1691084855895809888, 38830080.000000, 17166336.000000, 27066368.000000
1691084857015788078, 38830080.000000, 17166336.000000, 27066368.000000
1691084858124644994, 38830080.000000, 17166336.000000, 27066368.000000
1691084859248402118, 38830080.000000, 17166336.000000, 27066368.000000
1691084860435636043, 38830080.000000, 17166336.000000, 27066368.000000
1691084861575719118, 38830080.000000, 17166336.000000, 27066368.000000
1691084862823432922, 38830080.000000, 17166336.000000, 27066368.000000
1691084863937351942, 38830080.000000, 17166336.000000, 27066368.000000
1691084865066646099, 38830080.000000, 17166336.000000, 27066368.000000
1691084866163516044, 38830080.000000, 17166336.000000, 27066368.000000
1691084867265527963, 38830080.000000, 17166336.000000, 27066368.000000
1691084868411582946, 38830080.000000, 17166336.000000, 27066368.000000
1691084869480446100, 38830080.000000, 17166336.000000, 27066368.000000
1691084870677614927, 38830080.000000, 17166336.000000, 27066368.000000
1691084871786313056, 38830080.000000, 17166336.000000, 27066368.000000
1691084872952811002, 38830080.000000, 17166336.000000, 27066368.000000
1691084874070779085, 38830080.000000, 17166336.000000, 27066368.000000
1691084875203748941, 38830080.000000, 17166336.000000, 27066368.000000
1691084876367461919, 38830080.000000, 17166336.000000, 27066368.000000
1691084877475604057, 38830080.000000, 17166336.000000, 27066368.000000
1691084878631612062, 38830080.000000, 17166336.000000, 27066368.000000
1691084879708811044, 38830080.000000, 17166336.000000, 27066368.000000
1691084880925736904, 38830080.000000, 17166336.000000, 27066368.000000
1691084882072726964, 38830080.000000, 17166336.000000, 27066368.000000
1691084883201524972, 38830080.000000, 17166336.000000, 27066368.000000
1691084884404162883, 38830080.000000, 17166336.000000, 27066368.000000
1691084885496764898, 38830080.000000, 17166336.000000, 27066368.000000
1691084886626491069, 38830080.000000, 17555456.000000, 27066368.000000
1691084887826204061, 38830080.000000, 17555456.000000, 27066368.000000
1691084889008361101, 38830080.000000, 17555456.000000, 27066368.000000
1691084890199858903, 38830080.000000, 17555456.000000, 27066368.000000
1691084891400311946, 38830080.000000, 17555456.000000, 27066368.000000
1691084892515100002, 38830080.000000, 17555456.000000, 27066368.000000
1691084893674433946, 38830080.000000, 17555456.000000, 27066368.000000
1691084894855736017, 38830080.000000, 17555456.000000, 27066368.000000
1691084896072006940, 38830080.000000, 17555456.000000, 27066368.000000
1691084897258266925, 38830080.000000, 17555456.000000, 27066368.000000
1691084898440655946, 38830080.000000, 17555456.000000, 27066368.000000
1691084899580883979, 38830080.000000, 17555456.000000, 27066368.000000
1691084900775568962, 38830080.000000, 17555456.000000, 27066368.000000
1691084901919213056, 38830080.000000, 17555456.000000, 27066368.000000
1691084903166506052, 38830080.000000, 17555456.000000, 27066368.000000
1691084904354903936, 38830080.000000, 17555456.000000, 27066368.000000
1691084905587970018, 38830080.000000, 17555456.000000, 27066368.000000
1691084906774359941, 38830080.000000, 17555456.000000, 27066368.000000
1691084907993592023, 38830080.000000, 17555456.000000, 27066368.000000
1691084909195270061, 38830080.000000, 17555456.000000, 27066368.000000
1691084910375896930, 38830080.000000, 17555456.000000, 27066368.000000
1691084911498126029, 38830080.000000, 17555456.000000, 27066368.000000
1691084912716950893, 38830080.000000, 17555456.000000, 27066368.000000
1691084913888416051, 38830080.000000, 17555456.000000, 27066368.000000
1691084915072010040, 38830080.000000, 17555456.000000, 27066368.000000
1691084916255726099, 38830080.000000, 17555456.000000, 27066368.000000
1691084917442980051, 38830080.000000, 17555456.000000, 27066368.000000
1691084918681907892, 38830080.000000, 17555456.000000, 27066368.000000
1691084919838747978, 38830080.000000, 17555456.000000, 27066368.000000
1691084921031653881, 38830080.000000, 17555456.000000, 27066368.000000
1691084922231502056, 38830080.000000, 17555456.000000, 27066368.000000
1691084923437081098, 38830080.000000, 17555456.000000, 27066368.000000
1691084924629172086, 38830080.000000, 17555456.000000, 27066368.000000
1691084925803237915, 38830080.000000, 17555456.000000, 27066368.000000
1691084927015110015, 38830080.000000, 17555456.000000, 27066368.000000
1691084928212162017, 38830080.000000, 17555456.000000, 27066368.000000
1691084929377284049, 38830080.000000, 17555456.000000, 27066368.000000
1691084930567050933, 38830080.000000, 17555456.000000, 27066368.000000
1691084931719552040, 38830080.000000, 17555456.000000, 27066368.000000
1691084932867609024, 38830080.000000, 17555456.000000, 27066368.000000
1691084934008877992, 38830080.000000, 17555456.000000, 27066368.000000
1691084935183514118, 38830080.000000, 17555456.000000, 27066368.000000
1691084936284288883, 38830080.000000, 17555456.000000, 27066368.000000
1691084937462006092, 38830080.000000, 17555456.000000, 27066368.000000
1691084938609253883, 38830080.000000, 17555456.000000, 27066368.000000
1691084939752507925, 38830080.000000, 17555456.000000, 27066368.000000
1691084940954413890, 38830080.000000, 17555456.000000, 27066368.000000
1691084942075031042, 38830080.000000, 17555456.000000, 27066368.000000
1691084943245945930, 38830080.000000, 17555456.000000, 27066368.000000
1691084944414974927, 38830080.000000, 17555456.000000, 27066368.000000
1691084945630294084, 38830080.000000, 17555456.000000, 27066368.000000
1691084946755434989, 38830080.000000, 17555456.000000, 27066368.000000
1691084947941051006, 38830080.000000, 17555456.000000, 27066368.000000
1691084949149724006, 38830080.000000, 17555456.000000, 27066368.000000
1691084950309797048, 38830080.000000, 17555456.000000, 27066368.000000
1691084951420351982, 38830080.000000, 17555456.000000, 27066368.000000
1691084952566879034, 38830080.000000, 17555456.000000, 27066368.000000
1691084953726571083, 38830080.000000, 17555456.000000, 27066368.000000
1691084954859739065, 38830080.000000, 17555456.000000, 27066368.000000
1691084955966842889, 38830080.000000, 17555456.000000, 27066368.000000
1691084957122757911, 38830080.000000, 17555456.000000, 27066368.000000
1691084958276686906, 38830080.000000, 17555456.000000, 27066368.000000
1691084959421047925, 38830080.000000, 17555456.000000, 27066368.000000
1691084960549685001, 38830080.000000, 17555456.000000, 27066368.000000
1691084961678152084, 38830080.000000, 17555456.000000, 27066368.000000
1691084962863035917, 38830080.000000, 17555456.000000, 27066368.000000
1691084964006361007, 38830080.000000, 17555456.000000, 27066368.000000
1691084965199671983, 38830080.000000, 17555456.000000, 27066368.000000
1691084966377355098, 38830080.000000, 17555456.000000, 27066368.000000
1691084967617326021, 38830080.000000, 17555456.000000, 27066368.000000
1691084968790308952, 38830080.000000, 17555456.000000, 27066368.000000
1691084970042176008, 38830080.000000, 17555456.000000, 27066368.000000
1691084971216816902, 38830080.000000, 17555456.000000, 27066368.000000
1691084972448199987, 38830080.000000, 17555456.000000, 27066368.000000
1691084973628740072, 38830080.000000, 17555456.000000, 27066368.000000
1691084974855371952, 38830080.000000, 17555456.000000, 27066368.000000
1691084976052728891, 38830080.000000, 17555456.000000, 27066368.000000
1691084977204308032, 38830080.000000, 17555456.000000, 27066368.000000
1691084978398535966, 38830080.000000, 17555456.000000, 27066368.000000
1691084979525232076, 38830080.000000, 17555456.000000, 27066368.000000
1691084980720869064, 38830080.000000, 17555456.000000, 27066368.000000
1691084981868767976, 38830080.000000, 17555456.000000, 27066368.000000
1691084983042532920, 38830080.000000, 17555456.000000, 27066368.000000
1691084984253701925, 38830080.000000, 17555456.000000, 27066368.000000
1691084985448183059, 38830080.000000, 17555456.000000, 27066368.000000
1691084986614132881, 38830080.000000, 17555456.000000, 27066368.000000
1691084987761475086, 38830080.000000, 17555456.000000, 27066368.000000
1691084988958513975, 38830080.000000, 17555456.000000, 27066368.000000
1691084990134035110, 38830080.000000, 17555456.000000, 27066368.000000
1691084991218043088, 38830080.000000, 17555456.000000, 27066368.000000
1691084992496007919, 38830080.000000, 17555456.000000, 27066368.000000
1691084993671406030, 38830080.000000, 17555456.000000, 27066368.000000
1691084994843269109, 38830080.000000, 17555456.000000, 27066368.000000
1691084996025093078, 38830080.000000, 17555456.000000, 27066368.000000
1691084997120023965, 38830080.000000, 17555456.000000, 27066368.000000
1691084998252042055, 38830080.000000, 17555456.000000, 27066368.000000
1691084999472668886, 38830080.000000, 17555456.000000, 27066368.000000
1691085000697588920, 38830080.000000, 17555456.000000, 27066368.000000
1691085001988588094, 38830080.000000, 17555456.000000, 27066368.000000
1691085003129091978, 38830080.000000, 17555456.000000, 27066368.000000
1691085004264488935, 38830080.000000, 17555456.000000, 27066368.000000
1691085005425518035, 38830080.000000, 17555456.000000, 27066368.000000
1691085006613307952, 38830080.000000, 17555456.000000, 27066368.000000
1691085007778940916, 38830080.000000, 17555456.000000, 27066368.000000
1691085008940223932, 38830080.000000, 17555456.000000, 27066368.000000
1691085010138628959, 38830080.000000, 17555456.000000, 27066368.000000
1691085011268224954, 38830080.000000, 17555456.000000, 27066368.000000
1691085012432243108, 38830080.000000, 17555456.000000, 27066368.000000
1691085013643043041, 38830080.000000, 17555456.000000, 27066368.000000
1691085014829168081, 38830080.000000, 17555456.000000, 27066368.000000
1691085016014468908, 38830080.000000, 17555456.000000, 27066368.000000
1691085017123568058, 38830080.000000, 17555456.000000, 27066368.000000
1691085018291415929, 38830080.000000, 17555456.000000, 27066368.000000
1691085019487761974, 38830080.000000, 17555456.000000, 27066368.000000
1691085020650859117, 38830080.000000, 17555456.000000, 27066368.000000
1691085021775007009, 38830080.000000, 17555456.000000, 27066368.000000
1691085022931211948, 38830080.000000, 17555456.000000, 27066368.000000
1691085024027765989, 38830080.000000, 17555456.000000, 27066368.000000
1691085025172147989, 38830080.000000, 17555456.000000, 27066368.000000
1691085026365495920, 38830080.000000, 17555456.000000, 27066368.000000
1691085027522526979, 38830080.000000, 17555456.000000, 27066368.000000
1691085028664990901, 38830080.000000, 17555456.000000, 27066368.000000
1691085029812544107, 38830080.000000, 17555456.000000, 27066368.000000
1691085030990111112, 38830080.000000, 17555456.000000, 27066368.000000
1691085032112837076, 38830080.000000, 17555456.000000, 27066368.000000
1691085033287272930, 38830080.000000, 17555456.000000, 27066368.000000
1691085034517482995, 38830080.000000, 17555456.000000, 27066368.000000
1691085035750972032, 38830080.000000, 17555456.000000, 27066368.000000
1691085036983763933, 38830080.000000, 17555456.000000, 27066368.000000
1691085038161470890, 38830080.000000, 17555456.000000, 27066368.000000
1691085039295396089, 38830080.000000, 17555456.000000, 27066368.000000
1691085040474302053, 38830080.000000, 17555456.000000, 27066368.000000
1691085041583256959, 38830080.000000, 17555456.000000, 27066368.000000
1691085042728080987, 38830080.000000, 17555456.000000, 27066368.000000
1691085043874850988, 38830080.000000, 17555456.000000, 27066368.000000
1691085045084049940, 38830080.000000, 17555456.000000, 27066368.000000
1691085046266563892, 38830080.000000, 17555456.000000, 27066368.000000
1691085047454060077, 38830080.000000, 17555456.000000, 27066368.000000
1691085048658940076, 38830080.000000, 17555456.000000, 27066368.000000
1691085049859819889, 38830080.000000, 17555456.000000, 27066368.000000
1691085051031347036, 38830080.000000, 17555456.000000, 27066368.000000
1691085052287276029, 38830080.000000, 17555456.000000, 27066368.000000
1691085053500664949, 38830080.000000, 17555456.000000, 27066368.000000
1691085054706093072, 38830080.000000, 17555456.000000, 27066368.000000
1691085055889796018, 38830080.000000, 17555456.000000, 27066368.000000
1691085057056025981, 38830080.000000, 17555456.000000, 27066368.000000
1691085058250752925, 38830080.000000, 17555456.000000, 27066368.000000
1691085059402204990, 38830080.000000, 17555456.000000, 27066368.000000
1691085060623203992, 38830080.000000, 17555456.000000, 27066368.000000
1691085061778080940, 38830080.000000, 17555456.000000, 27066368.000000
1691085062907165050, 38830080.000000, 17555456.000000, 27066368.000000
1691085064067215919, 38830080.000000, 17555456.000000, 27066368.000000
1691085065224523067, 38830080.000000, 17555456.000000, 27066368.000000
1691085066366988897, 38830080.000000, 17555456.000000, 27066368.000000
1691085067467892885, 38830080.000000, 17555456.000000, 27066368.000000
1691085068687653064, 38830080.000000, 17555456.000000, 27066368.000000
1691085069916373014, 38830080.000000, 17555456.000000, 27066368.000000
1691085071117640972, 38830080.000000, 17555456.000000, 27066368.000000
1691085072267663955, 38830080.000000, 17555456.000000, 27066368.000000
1691085073401628017, 38830080.000000, 17555456.000000, 27066368.000000
1691085074556147098, 38830080.000000, 17555456.000000, 27066368.000000
1691085075746253013, 38830080.000000, 17555456.000000, 27066368.000000
1691085076924572944, 38830080.000000, 17555456.000000, 27066368.000000
1691085078104372024, 38830080.000000, 17555456.000000, 27066368.000000
1691085079319153070, 38830080.000000, 17555456.000000, 27066368.000000
1691085080541152954, 38830080.000000, 17555456.000000, 27066368.000000
1691085081734504938, 38830080.000000, 17555456.000000, 27066368.000000
1691085082857937097, 38830080.000000, 17555456.000000, 27066368.000000
1691085084002919912, 38830080.000000, 17555456.000000, 27066368.000000
1691085085182668924, 38830080.000000, 17555456.000000, 27066368.000000
1691085086384108066, 38830080.000000, 17555456.000000, 27066368.000000
1691085087521214962, 38830080.000000, 17555456.000000, 27066368.000000
1691085088774916887, 38830080.000000, 17555456.000000, 27066368.000000
1691085089994234085, 38830080.000000, 17555456.000000, 27066368.000000
1691085091172780990, 38830080.000000, 17555456.000000, 27066368.000000
1691085092326977968, 38830080.000000, 17555456.000000, 27066368.000000
1691085093527987003, 38830080.000000, 17555456.000000, 27066368.000000
1691085094710104942, 38830080.000000, 17555456.000000, 27066368.000000
1691085095908191919, 38830080.000000, 17555456.000000, 27066368.000000
1691085097072981119, 38830080.000000, 17555456.000000, 27066368.000000
1691085098250654935, 38830080.000000, 17555456.000000, 27066368.000000
1691085099445115089, 38830080.000000, 17555456.000000, 27066368.000000
1691085100644622087, 38830080.000000, 17555456.000000, 27066368.000000
1691085101750446081, 38830080.000000, 17555456.000000, 27066368.000000
1691085102906596899, 38830080.000000, 17555456.000000, 27066368.000000
1691085104078638076, 38830080.000000, 17555456.000000, 27066368.000000
1691085105226646900, 38830080.000000, 17555456.000000, 27066368.000000
1691085106458074092, 38830080.000000, 17555456.000000, 27066368.000000
1691085107694530010, 38830080.000000, 17555456.000000, 27066368.000000
1691085108968599081, 38830080.000000, 17555456.000000, 27066368.000000
1691085110112854003, 38830080.000000, 17555456.000000, 27066368.000000
1691085111290302991, 38830080.000000, 17555456.000000, 27066368.000000
1691085112453126907, 38830080.000000, 17555456.000000, 27066368.000000
1691085113624905109, 38830080.000000, 17555456.000000, 27066368.000000
1691085114814879894, 38830080.000000, 17555456.000000, 27066368.000000
1691085116016808032, 38830080.000000, 17555456.000000, 27066368.000000
1691085117166414022, 38830080.000000, 17555456.000000, 27066368.000000
1691085118383296966, 38830080.000000, 17555456.000000, 27066368.000000
1691085119553114891, 38830080.000000, 17555456.000000, 27066368.000000
1691085120694103956, 38830080.000000, 17555456.000000, 27066368.000000
1691085121873521089, 38830080.000000, 17555456.000000, 27066368.000000
1691085122976716995, 38830080.000000, 17555456.000000, 27066368.000000
1691085124208319902, 38830080.000000, 17555456.000000, 27066368.000000
1691085125385338068, 38830080.000000, 17555456.000000, 27066368.000000
1691085126679447889, 38830080.000000, 17555456.000000, 27066368.000000
1691085127882370948, 38830080.000000, 17555456.000000, 27066368.000000
1691085129005553960, 38830080.000000, 17555456.000000, 27066368.000000
1691085130165715932, 38830080.000000, 17555456.000000, 27066368.000000
1691085131333530902, 38830080.000000, 17555456.000000, 27066368.000000
1691085132574202060, 38830080.000000, 17555456.000000, 27066368.000000
1691085133775809049, 38830080.000000, 17555456.000000, 27066368.000000
1691085134947732925, 38830080.000000, 17555456.000000, 27066368.000000
1691085136135502099, 38830080.000000, 17555456.000000, 27066368.000000
1691085137412736892, 38830080.000000, 17555456.000000, 27066368.000000
1691085138642055988, 38830080.000000, 17555456.000000, 27066368.000000
1691085139820897102, 38830080.000000, 17555456.000000, 27066368.000000
1691085141028341054, 38830080.000000, 17555456.000000, 27066368.000000
1691085142183135032, 38830080.000000, 17555456.000000, 27066368.000000
1691085143321986913, 38830080.000000, 17555456.000000, 27066368.000000
1691085144479180097, 38830080.000000, 17555456.000000, 27066368.000000
1691085145669750928, 38830080.000000, 17555456.000000, 27066368.000000
1691085146841685056, 38830080.000000, 17555456.000000, 27066368.000000
1691085148100975990, 38830080.000000, 17555456.000000, 27066368.000000
1691085149354017019, 38830080.000000, 17555456.000000, 27066368.000000
1691085150619749069, 38830080.000000, 17555456.000000, 27066368.000000
1691085151925179004, 38830080.000000, 17555456.000000, 27066368.000000
1691085153097584962, 38830080.000000, 17555456.000000, 27066368.000000
1691085154228046894, 38830080.000000, 17555456.000000, 27066368.000000
1691085155397825002, 38830080.000000, 17555456.000000, 27066368.000000
1691085156546277046, 38830080.000000, 17555456.000000, 27066368.000000
1691085157731973886, 38830080.000000, 17555456.000000, 27066368.000000
1691085158986020088, 38830080.000000, 17555456.000000, 27066368.000000
1691085160152009963, 38830080.000000, 17555456.000000, 27066368.000000
1691085161324050903, 38830080.000000, 17555456.000000, 27066368.000000
1691085162463336944, 38830080.000000, 17555456.000000, 27066368.000000
1691085163598551034, 38830080.000000, 17555456.000000, 27066368.000000
1691085164778783082, 38830080.000000, 17555456.000000, 27066368.000000
1691085165996485948, 38830080.000000, 17555456.000000, 27066368.000000
1691085167219372034, 38830080.000000, 17555456.000000, 27066368.000000
1691085168446363925, 38830080.000000, 17555456.000000, 27066368.000000
1691085169649524927, 38830080.000000, 17555456.000000, 27066368.000000
1691085170836097002, 38830080.000000, 17555456.000000, 27066368.000000
1691085172029783010, 38830080.000000, 17555456.000000, 27066368.000000
1691085173281377077, 38830080.000000, 17555456.000000, 27066368.000000
1691085174429625034, 38830080.000000, 17555456.000000, 27066368.000000
1691085175595506906, 38830080.000000, 17555456.000000, 27066368.000000
1691085176823419094, 38830080.000000, 17555456.000000, 27066368.000000
1691085177977828979, 38830080.000000, 17555456.000000, 27066368.000000
1691085179244848012, 38830080.000000, 17555456.000000, 27066368.000000
1691085180353648900, 38830080.000000, 17555456.000000, 27066368.000000
1691085181507530927, 38830080.000000, 17555456.000000, 27066368.000000
1691085182681494951, 38830080.000000, 17555456.000000, 27066368.000000
1691085183804358005, 38830080.000000, 17555456.000000, 27066368.000000
1691085184971473932, 38830080.000000, 17555456.000000, 27066368.000000
1691085186114312887, 38830080.000000, 17555456.000000, 27066368.000000
1691085187227878093, 38830080.000000, 17555456.000000, 27066368.000000
1691085188376964092, 38830080.000000, 17555456.000000, 27066368.000000
1691085189504781961, 38830080.000000, 17555456.000000, 27066368.000000
1691085190638124942, 38830080.000000, 17555456.000000, 27066368.000000
1691085191866758108, 38830080.000000, 17555456.000000, 27066368.000000
1691085193096956014, 38830080.000000, 17555456.000000, 27066368.000000
1691085194330656051, 38830080.000000, 17555456.000000, 27066368.000000
1691085195475353956, 38830080.000000, 17555456.000000, 27066368.000000
1691085196633590936, 38830080.000000, 17555456.000000, 27066368.000000
1691085197854027986, 38830080.000000, 17555456.000000, 27066368.000000
1691085199094083070, 38830080.000000, 17555456.000000, 27066368.000000
1691085200352791070, 38830080.000000, 17555456.000000, 27066368.000000
1691085201475619077, 38830080.000000, 17555456.000000, 27066368.000000
1691085202633327960, 38830080.000000, 17555456.000000, 27066368.000000
1691085203763237953, 38830080.000000, 17555456.000000, 27066368.000000
1691085204913463115, 38830080.000000, 17555456.000000, 27066368.000000
1691085206116679906, 38830080.000000, 17555456.000000, 27066368.000000
1691085207340646028, 38830080.000000, 17555456.000000, 27066368.000000
1691085208572675943, 38830080.000000, 17555456.000000, 27066368.000000
1691085209804044961, 38830080.000000, 17555456.000000, 27066368.000000
1691085211034899950, 38830080.000000, 17555456.000000, 27066368.000000
1691085212283724069, 38830080.000000, 17555456.000000, 27066368.000000
1691085213521181106, 38830080.000000, 17555456.000000, 27066368.000000
1691085214724080085, 38830080.000000, 17555456.000000, 27066368.000000
1691085215928788900, 38830080.000000, 17555456.000000, 27066368.000000
1691085217125179052, 38830080.000000, 17555456.000000, 27066368.000000
1691085218340013027, 38830080.000000, 17555456.000000, 27066368.000000
1691085219525377035, 38830080.000000, 17555456.000000, 27066368.000000
1691085220667643070, 38830080.000000, 17555456.000000, 27066368.000000
1691085221824227094, 38830080.000000, 17555456.000000, 27066368.000000
1691085223077372074, 38830080.000000, 17555456.000000, 27066368.000000
1691085224247175931, 38830080.000000, 17555456.000000, 27066368.000000
1691085225444716930, 38830080.000000, 17555456.000000, 27066368.000000
1691085226599242925, 38830080.000000, 17555456.000000, 27066368.000000
1691085227742701053, 38830080.000000, 17555456.000000, 27066368.000000
1691085228947606086, 38830080.000000, 17555456.000000, 27066368.000000
1691085230147259950, 38830080.000000, 17555456.000000, 27066368.000000
1691085231373188972, 38830080.000000, 17555456.000000, 27066368.000000
1691085232572263956, 38830080.000000, 17555456.000000, 27066368.000000
1691085233778390884, 38830080.000000, 17555456.000000, 27066368.000000
1691085234974814891, 38830080.000000, 17555456.000000, 27066368.000000
1691085236232383966, 38830080.000000, 17555456.000000, 27066368.000000
1691085237422323942, 38830080.000000, 17555456.000000, 27066368.000000
1691085238590432882, 38830080.000000, 17555456.000000, 27066368.000000
1691085239782618045, 38830080.000000, 17555456.000000, 27066368.000000
1691085240954941987, 38830080.000000, 17555456.000000, 27066368.000000
1691085242143708944, 38830080.000000, 17555456.000000, 27066368.000000
1691085243361471891, 38830080.000000, 17555456.000000, 27066368.000000
1691085244536372900, 38830080.000000, 17555456.000000, 27066368.000000
1691085245739792108, 38830080.000000, 17555456.000000, 27066368.000000
1691085246921734094, 38830080.000000, 17555456.000000, 27066368.000000
1691085248153732061, 38830080.000000, 17555456.000000, 27066368.000000
1691085249381639003, 38830080.000000, 17555456.000000, 27066368.000000
1691085250657048940, 38830080.000000, 17555456.000000, 27066368.000000
1691085251859735012, 38830080.000000, 17555456.000000, 27066368.000000
1691085253087363004, 38830080.000000, 17555456.000000, 27066368.000000
1691085254205214023, 38830080.000000, 17555456.000000, 27066368.000000
1691085255375236034, 38830080.000000, 17555456.000000, 27066368.000000
1691085256610307931, 38830080.000000, 17555456.000000, 27066368.000000
1691085257756992101, 38830080.000000, 17555456.000000, 27066368.000000
1691085258905180931, 38830080.000000, 17555456.000000, 27066368.000000
1691085260081065893, 38830080.000000, 17555456.000000, 27066368.000000
1691085261302669048, 38830080.000000, 17555456.000000, 27066368.000000
1691085262448525905, 38830080.000000, 17555456.000000, 27066368.000000
1691085263684791088, 38830080.000000, 17555456.000000, 27066368.000000
1691085264902282953, 38830080.000000, 17555456.000000, 27066368.000000
1691085266116631031, 38830080.000000, 17555456.000000, 27066368.000000
1691085267379893064, 38830080.000000, 17555456.000000, 27066368.000000
1691085268537333965, 38830080.000000, 17555456.000000, 27066368.000000
1691085269706197977, 38830080.000000, 17555456.000000, 27066368.000000
1691085270886270046, 38830080.000000, 17555456.000000, 27066368.000000
1691085272091226100, 38830080.000000, 17555456.000000, 27066368.000000
1691085273277548074, 38830080.000000, 17555456.000000, 27066368.000000
1691085274519736051, 38830080.000000, 17555456.000000, 27066368.000000
1691085275853379964, 38830080.000000, 17555456.000000, 27066368.000000
1691085277096925020, 38830080.000000, 17555456.000000, 27066368.000000
1691085278225255012, 38830080.000000, 17555456.000000, 27066368.000000
1691085279360430002, 38830080.000000, 17555456.000000, 27066368.000000
1691085280529845952, 38830080.000000, 17555456.000000, 27066368.000000
1691085281692027091, 38830080.000000, 17555456.000000, 27066368.000000
1691085282883749961, 38830080.000000, 17555456.000000, 27066368.000000
1691085284070380926, 38830080.000000, 17555456.000000, 27066368.000000
1691085285249660968, 38830080.000000, 17555456.000000, 27066368.000000
1691085286458257913, 38830080.000000, 17555456.000000, 27066368.000000
1691085287675228118, 38830080.000000, 17555456.000000, 27066368.000000
1691085288898147106, 38830080.000000, 17555456.000000, 27066368.000000
1691085290075617074, 38830080.000000, 17555456.000000, 27066368.000000
1691085291263120889, 38830080.000000, 17555456.000000, 27066368.000000
1691085292419271945, 38830080.000000, 17555456.000000, 27066368.000000
1691085293581713914, 38830080.000000, 17555456.000000, 27066368.000000
1691085294667254924, 38830080.000000, 17555456.000000, 27066368.000000
1691085295838797092, 38830080.000000, 17555456.000000, 27066368.000000
1691085297025733947, 38830080.000000, 17555456.000000, 27066368.000000
1691085298183190107, 38830080.000000, 17555456.000000, 27066368.000000
1691085299339077949, 38830080.000000, 17555456.000000, 27066368.000000
1691085300513484001, 38830080.000000, 17555456.000000, 27066368.000000
1691085301663640975, 38830080.000000, 17555456.000000, 27066368.000000
1691085302870347023, 38830080.000000, 17555456.000000, 27066368.000000
1691085304108865976, 38830080.000000, 17555456.000000, 27066368.000000
1691085305273363113, 38830080.000000, 17555456.000000, 27066368.000000
1691085306454489946, 38830080.000000, 17555456.000000, 27066368.000000
1691085307649569988, 38830080.000000, 17555456.000000, 27066368.000000
1691085308880150079, 38830080.000000, 17555456.000000, 27066368.000000
1691085310112804889, 38830080.000000, 17555456.000000, 27066368.000000
1691085311298784971, 38830080.000000, 17555456.000000, 27066368.000000
1691085312465739965, 38830080.000000, 17555456.000000, 27066368.000000
1691085313664463043, 38830080.000000, 17555456.000000, 27066368.000000
1691085314892735958, 38830080.000000, 17555456.000000, 27066368.000000
1691085316096420049, 38830080.000000, 17555456.000000, 27066368.000000
1691085317335150003, 38830080.000000, 17555456.000000, 27066368.000000
1691085318504760026, 38830080.000000, 17555456.000000, 27066368.000000
1691085319691796064, 38830080.000000, 17555456.000000, 27066368.000000
1691085320866168022, 38830080.000000, 17555456.000000, 27066368.000000
1691085322024785041, 38830080.000000, 17555456.000000, 27066368.000000
1691085323202964067, 38830080.000000, 17555456.000000, 27066368.000000
1691085324332896947, 38830080.000000, 17555456.000000, 27066368.000000
1691085325529468059, 38830080.000000, 17555456.000000, 27066368.000000
1691085326689696073, 38830080.000000, 17555456.000000, 27066368.000000
1691085327868753910, 38830080.000000, 17555456.000000, 27066368.000000
1691085329068526029, 38830080.000000, 17555456.000000, 27066368.000000
1691085330248136043, 38830080.000000, 17555456.000000, 27066368.000000
1691085331446656942, 38830080.000000, 17555456.000000, 27066368.000000
1691085332631474971, 38830080.000000, 17555456.000000, 27066368.000000
1691085333815643072, 38830080.000000, 17555456.000000, 27066368.000000
1691085334984184026, 38830080.000000, 17555456.000000, 27066368.000000
1691085336202209949, 38830080.000000, 17555456.000000, 27066368.000000
1691085337354413986, 38830080.000000, 17555456.000000, 27066368.000000
1691085338488267898, 38830080.000000, 17555456.000000, 27066368.000000
1691085339654917001, 38830080.000000, 17555456.000000, 27066368.000000
1691085340861259937, 38830080.000000, 17555456.000000, 27066368.000000
1691085342064177989, 38830080.000000, 17555456.000000, 27066368.000000
1691085343197663068, 38830080.000000, 17555456.000000, 27066368.000000
1691085344290605068, 38830080.000000, 17555456.000000, 27066368.000000
1691085345387090921, 38830080.000000, 17555456.000000, 27066368.000000
1691085346531431913, 38830080.000000, 17555456.000000, 27066368.000000
1691085347677917003, 38830080.000000, 17555456.000000, 27066368.000000
1691085348825577974, 38830080.000000, 17555456.000000, 27066368.000000
1691085349965121984, 38830080.000000, 17555456.000000, 27066368.000000
1691085351168297052, 38924288.000000, 17555456.000000, , 
1691085352292217969, 38924288.000000, 17555456.000000, , 
1691085353400296926, 38924288.000000, 17555456.000000, , 
1691085354524090051, 38924288.000000, 17555456.000000, , 
1691085355638312101, 38924288.000000, 17555456.000000, , 
1691085356775620937, 38924288.000000, 17555456.000000, , 
1691085357920219898, 38924288.000000, 17555456.000000, , 
1691085359026305913, 38924288.000000, 17555456.000000, , 
1691085360166254997, 38924288.000000, 17555456.000000, , 
1691085361271593093, 38924288.000000, 17555456.000000, , 
1691085362407027006, 38924288.000000, 17555456.000000, , 
1691085363521677017, 38924288.000000, 17555456.000000, , 
1691085364631872892, 38924288.000000, 17555456.000000, , 
1691085365742358922, 38924288.000000, 17555456.000000, , 
1691085366844418048, 38924288.000000, 17555456.000000, , 
1691085367903099060, 38924288.000000, 17555456.000000, , 
1691085369036689996, 38924288.000000, 17555456.000000, , 
1691085370092315912, 38924288.000000, 17555456.000000, , 
1691085371120884895, 38924288.000000, 17555456.000000, , 
1691085372146620988, 38924288.000000, 17555456.000000, , 
1691085373171556949, 38924288.000000, 17555456.000000, , 
1691085374197485923, 38924288.000000, 17555456.000000, , 
1691085375214463949, 38924288.000000, 17555456.000000, , 
1691085376230859041, 38924288.000000, 17555456.000000, , 
1691085377247693061, 38924288.000000, 17555456.000000, , 
