time, /cpu_monitor mem, /record_1691084780702305636 mem, /rosout mem
1691084790678020954, 38531072.000000, 25407488.000000, 17072128.000000
1691084791709189891, 38531072.000000, 25407488.000000, 17072128.000000
1691084792739651918, 38531072.000000, 25407488.000000, 17072128.000000
1691084793771089076, 38531072.000000, 25407488.000000, 17072128.000000
1691084794801620006, 38531072.000000, 25407488.000000, 17072128.000000
1691084795832653045, 38531072.000000, 25407488.000000, 17072128.000000
1691084796863240957, 38531072.000000, 25407488.000000, 17072128.000000
1691084797894882917, 38531072.000000, 25407488.000000, 17072128.000000
1691084798925625085, 38531072.000000, 25407488.000000, 17072128.000000
1691084799957572937, 38531072.000000, 25407488.000000, 17072128.000000
1691084800987412929, 38531072.000000, 25407488.000000, 17072128.000000
1691084802018060922, 38531072.000000, 25407488.000000, 17072128.000000
1691084803048423051, 38531072.000000, 25407488.000000, 17072128.000000
1691084804079063892, 38531072.000000, 25407488.000000, 17072128.000000
1691084805109940052, 38531072.000000, 25407488.000000, 17072128.000000
1691084806140428066, 38531072.000000, 25407488.000000, 17072128.000000
1691084807159535884, 38531072.000000, 25407488.000000, 17072128.000000
1691084808173757076, 38531072.000000, 25407488.000000, 17072128.000000
1691084809188718080, 38531072.000000, 25407488.000000, 17072128.000000
1691084810203514099, 38531072.000000, 25407488.000000, 17072128.000000
1691084811217355966, 38531072.000000, 25407488.000000, 17072128.000000
1691084812231786966, 38531072.000000, 25407488.000000, 17072128.000000
1691084813246133089, 38531072.000000, 25407488.000000, 17072128.000000
1691084814260627031, 38531072.000000, 25407488.000000, 17072128.000000
1691084815634392976, 38563840.000000, 25407488.000000, 17072128.000000
1691084817535984992, 38666240.000000, 25706496.000000, 17072128.000000
1691084818682785987, 38666240.000000, 25862144.000000, 17072128.000000
1691084819984467983, 38711296.000000, 26128384.000000, 17072128.000000
1691084821478171110, 38731776.000000, 26210304.000000, 17072128.000000
1691084822667649984, 38744064.000000, 26210304.000000, 17072128.000000
1691084823768292903, 38748160.000000, 26210304.000000, 17072128.000000
1691084824973531961, 38764544.000000, 26402816.000000, 17072128.000000
1691084826077853918, 38789120.000000, 26402816.000000, 17072128.000000
1691084827206084012, 38789120.000000, 26402816.000000, 17072128.000000
1691084828312220096, 38789120.000000, 26402816.000000, 17072128.000000
1691084829438508987, 38789120.000000, 26402816.000000, 17072128.000000
1691084830587596893, 38789120.000000, 26402816.000000, 17072128.000000
1691084831715998888, 38789120.000000, 26402816.000000, 17072128.000000
1691084832828453063, 38789120.000000, 26402816.000000, 17072128.000000
1691084833935173034, 38789120.000000, 26923008.000000, 17072128.000000
1691084835036358118, 38789120.000000, 26923008.000000, 17072128.000000
1691084836145729064, 38789120.000000, 26923008.000000, 17072128.000000
1691084837264931917, 38789120.000000, 26923008.000000, 17072128.000000
1691084838356890916, 38789120.000000, 26923008.000000, 17072128.000000
1691084839554666042, 38789120.000000, 26923008.000000, 17072128.000000
1691084840678354978, 38789120.000000, 26923008.000000, 17072128.000000
1691084841863466978, 38789120.000000, 26923008.000000, 17072128.000000
1691084842983923912, 38789120.000000, 26923008.000000, 17072128.000000
1691084844153029918, 38789120.000000, 26923008.000000, 17072128.000000
1691084845314007043, 38789120.000000, 26923008.000000, 17072128.000000
1691084846439402103, 38789120.000000, 26923008.000000, 17072128.000000
1691084847577584981, 38789120.000000, 26923008.000000, 17072128.000000
1691084848703064918, 38789120.000000, 26923008.000000, 17072128.000000
1691084849878357887, 38789120.000000, 26923008.000000, 17072128.000000
1691084851014828920, 38789120.000000, 26923008.000000, 17072128.000000
1691084852140914916, 38789120.000000, 26923008.000000, 17072128.000000
1691084853228580951, 38789120.000000, 26923008.000000, 17072128.000000
1691084854313343048, 38789120.000000, 26923008.000000, 17072128.000000
1691084855443146944, 38789120.000000, 26923008.000000, 17072128.000000
1691084856609345912, 38789120.000000, 26923008.000000, 17072128.000000
1691084857751121044, 38789120.000000, 26923008.000000, 17072128.000000
1691084858884345054, 38789120.000000, 26923008.000000, 17072128.000000
1691084860032530069, 38789120.000000, 26923008.000000, 17072128.000000
1691084861148031949, 38789120.000000, 26923008.000000, 17072128.000000
1691084862346313953, 38789120.000000, 26923008.000000, 17072128.000000
1691084863542967081, 38789120.000000, 26923008.000000, 17072128.000000
1691084864695086956, 38789120.000000, 26923008.000000, 17072128.000000
1691084865809344053, 38789120.000000, 26923008.000000, 17072128.000000
1691084866937727928, 38789120.000000, 26923008.000000, 17072128.000000
1691084868092534065, 38789120.000000, 26923008.000000, 17072128.000000
1691084869221837997, 38789120.000000, 27189248.000000, 17072128.000000
1691084870399521112, 38789120.000000, 27189248.000000, 17072128.000000
1691084871555974960, 38789120.000000, 27189248.000000, 17072128.000000
1691084872728555917, 38789120.000000, 27189248.000000, 17072128.000000
1691084873863395929, 38789120.000000, 27189248.000000, 17072128.000000
1691084874988953113, 38789120.000000, 27189248.000000, 17072128.000000
1691084876200007915, 38789120.000000, 27189248.000000, 17072128.000000
1691084877328022003, 38789120.000000, 27189248.000000, 17072128.000000
1691084878481338024, 38789120.000000, 27189248.000000, 17072128.000000
1691084879671499967, 38789120.000000, 27189248.000000, 17072128.000000
1691084880822879076, 38789120.000000, 27189248.000000, 17391616.000000
1691084881939954996, 38789120.000000, 27189248.000000, 17391616.000000
1691084883051801919, 38789120.000000, 27189248.000000, 17391616.000000
1691084884238131999, 38789120.000000, 27189248.000000, 17391616.000000
1691084885369388103, 38789120.000000, 27189248.000000, 17391616.000000
1691084886600426912, 38789120.000000, 27189248.000000, 17391616.000000
1691084887742378950, 38789120.000000, 27189248.000000, 17391616.000000
1691084888872889995, 38789120.000000, 27189248.000000, 17391616.000000
1691084890004209995, 38789120.000000, 27189248.000000, 17391616.000000
1691084891130572080, 38789120.000000, 27189248.000000, 17391616.000000
1691084892355325937, 38789120.000000, 27189248.000000, 17391616.000000
1691084893470760107, 38789120.000000, 27189248.000000, 17391616.000000
1691084894688539028, 38789120.000000, 27189248.000000, 17391616.000000
1691084895873032093, 38789120.000000, 27189248.000000, 17391616.000000
1691084896975276947, 38789120.000000, 27189248.000000, 17391616.000000
1691084898113867998, 38789120.000000, 27189248.000000, 17391616.000000
1691084899233408927, 38789120.000000, 27189248.000000, 17391616.000000
1691084900417692899, 38789120.000000, 27189248.000000, 17391616.000000
1691084901538712024, 38789120.000000, 27189248.000000, 17391616.000000
1691084902731452941, 38789120.000000, 27189248.000000, 17391616.000000
1691084903843480110, 38789120.000000, 27189248.000000, 17391616.000000
1691084905030580997, 38789120.000000, 27189248.000000, 17391616.000000
1691084906238092899, 38789120.000000, 27189248.000000, 17391616.000000
1691084907441565990, 38789120.000000, 27189248.000000, 17391616.000000
1691084908610455989, 38789120.000000, 27189248.000000, 17391616.000000
1691084909779269933, 38789120.000000, 27189248.000000, 17391616.000000
1691084910957344055, 38789120.000000, 27189248.000000, 17391616.000000
1691084912146150112, 38789120.000000, 27189248.000000, 17391616.000000
1691084913394848108, 38789120.000000, 27189248.000000, 17391616.000000
1691084914633771896, 38789120.000000, 27189248.000000, 17391616.000000
1691084915795990943, 38789120.000000, 27189248.000000, 17391616.000000
1691084917043402910, 38789120.000000, 27189248.000000, 17391616.000000
1691084918276912927, 38789120.000000, 27189248.000000, 17391616.000000
1691084919531724929, 38789120.000000, 27189248.000000, 17391616.000000
1691084920704212903, 38789120.000000, 27189248.000000, 17391616.000000
1691084921846990108, 38789120.000000, 27189248.000000, 17391616.000000
1691084923018201112, 38789120.000000, 27189248.000000, 17391616.000000
1691084924207310914, 38789120.000000, 27189248.000000, 17391616.000000
1691084925372384071, 38789120.000000, 27189248.000000, 17391616.000000
1691084926544384002, 38789120.000000, 27189248.000000, 17391616.000000
1691084927727679014, 38789120.000000, 27189248.000000, 17391616.000000
1691084928842715024, 38789120.000000, 27189248.000000, 17391616.000000
1691084930011209011, 38789120.000000, 27189248.000000, 17391616.000000
1691084931208965063, 38789120.000000, 27189248.000000, 17391616.000000
1691084932398792982, 38789120.000000, 27189248.000000, 17391616.000000
1691084933597448110, 38789120.000000, 27189248.000000, 17391616.000000
1691084934875144958, 38789120.000000, 27189248.000000, 17391616.000000
1691084936122291088, 38789120.000000, 27189248.000000, 17391616.000000
1691084937373348951, 38789120.000000, 27189248.000000, 17391616.000000
1691084938575089931, 38789120.000000, 27189248.000000, 17391616.000000
1691084939792429924, 38789120.000000, 27189248.000000, 17391616.000000
1691084941021744966, 38789120.000000, 27189248.000000, 17391616.000000
1691084942319611072, 38789120.000000, 27189248.000000, 17391616.000000
1691084943564815044, 38789120.000000, 27189248.000000, 17391616.000000
1691084944802160978, 38789120.000000, 27189248.000000, 17391616.000000
1691084946006232976, 38789120.000000, 27189248.000000, 17391616.000000
1691084947241007089, 38789120.000000, 27189248.000000, 17391616.000000
1691084948357253074, 38789120.000000, 27189248.000000, 17391616.000000
1691084949559051036, 38789120.000000, 27189248.000000, 17391616.000000
1691084950743594884, 38789120.000000, 27189248.000000, 17391616.000000
1691084951911571979, 38789120.000000, 27189248.000000, 17391616.000000
1691084953046164035, 38789120.000000, 27189248.000000, 17391616.000000
1691084954246356964, 38789120.000000, 27189248.000000, 17391616.000000
1691084955414326906, 38789120.000000, 27189248.000000, 17391616.000000
1691084956506985902, 38789120.000000, 27189248.000000, 17391616.000000
1691084957653734922, 38789120.000000, 27189248.000000, 17391616.000000
1691084958841108083, 38789120.000000, 27189248.000000, 17391616.000000
1691084960025832891, 38789120.000000, 27189248.000000, 17391616.000000
1691084961264364004, 38789120.000000, 27189248.000000, 17391616.000000
1691084962451009035, 38789120.000000, 27189248.000000, 17391616.000000
1691084963647737026, 38789120.000000, 27189248.000000, 17391616.000000
1691084964857526063, 38789120.000000, 27189248.000000, 17391616.000000
1691084966044312000, 38789120.000000, 27189248.000000, 17391616.000000
1691084967229947090, 38789120.000000, 27189248.000000, 17391616.000000
1691084968475107908, 38789120.000000, 27189248.000000, 17391616.000000
1691084969672081947, 38789120.000000, 27189248.000000, 17391616.000000
1691084970875197887, 38789120.000000, 27189248.000000, 17391616.000000
1691084972135792970, 38789120.000000, 27189248.000000, 17391616.000000
1691084973365789890, 38789120.000000, 27189248.000000, 17391616.000000
1691084974559489965, 38789120.000000, 27189248.000000, 17391616.000000
1691084975727790117, 38789120.000000, 27189248.000000, 17391616.000000
1691084976878132104, 38789120.000000, 27189248.000000, 17391616.000000
1691084978110002040, 38789120.000000, 27189248.000000, 17391616.000000
1691084979302197933, 38789120.000000, 27189248.000000, 17391616.000000
1691084980531059980, 38789120.000000, 27189248.000000, 17391616.000000
1691084981765202045, 38789120.000000, 27189248.000000, 17391616.000000
1691084982981791019, 38789120.000000, 27189248.000000, 17391616.000000
1691084984177448987, 38789120.000000, 27189248.000000, 17391616.000000
1691084985354084968, 38789120.000000, 27189248.000000, 17391616.000000
1691084986545456886, 38789120.000000, 27189248.000000, 17391616.000000
1691084987683327913, 38789120.000000, 27189248.000000, 17391616.000000
1691084988875731945, 38789120.000000, 27189248.000000, 17391616.000000
1691084990109245061, 38789120.000000, 27189248.000000, 17391616.000000
1691084991350944042, 38789120.000000, 27189248.000000, 17391616.000000
1691084992570189952, 38789120.000000, 27189248.000000, 17391616.000000
1691084993806647062, 38789120.000000, 27189248.000000, 17391616.000000
1691084995041121006, 38789120.000000, 27189248.000000, 17391616.000000
1691084996214452981, 38789120.000000, 27189248.000000, 17391616.000000
1691084997390494108, 38789120.000000, 27189248.000000, 17391616.000000
1691084998540326118, 38789120.000000, 27189248.000000, 17391616.000000
1691084999674166917, 38789120.000000, 27189248.000000, 17391616.000000
1691085000833009958, 38789120.000000, 27189248.000000, 17391616.000000
1691085001998214006, 38789120.000000, 27189248.000000, 17391616.000000
1691085003184632062, 38789120.000000, 27189248.000000, 17391616.000000
1691085004345813035, 38789120.000000, 27189248.000000, 17391616.000000
1691085005520792007, 38789120.000000, 27189248.000000, 17391616.000000
1691085006701392889, 38789120.000000, 27189248.000000, 17391616.000000
1691085007857482910, 38789120.000000, 27189248.000000, 17391616.000000
1691085009067224025, 38789120.000000, 27189248.000000, 17391616.000000
1691085010306123018, 38789120.000000, 27189248.000000, 17391616.000000
1691085011476300954, 38789120.000000, 27189248.000000, 17391616.000000
1691085012642194986, 38789120.000000, 27189248.000000, 17391616.000000
1691085013789794921, 38789120.000000, 27189248.000000, 17391616.000000
1691085014964730024, 38789120.000000, 27189248.000000, 17391616.000000
1691085016144987106, 38789120.000000, 27189248.000000, 17391616.000000
1691085017333271026, 38789120.000000, 27189248.000000, 17391616.000000
1691085018493360042, 38789120.000000, 27189248.000000, 17391616.000000
1691085019630151987, 38789120.000000, 27189248.000000, 17391616.000000
1691085020780780076, 38789120.000000, 27189248.000000, 17391616.000000
1691085021940334081, 38789120.000000, 27189248.000000, 17391616.000000
1691085023117604970, 38789120.000000, 27189248.000000, 17391616.000000
1691085024316339969, 38789120.000000, 27189248.000000, 17391616.000000
1691085025483393907, 38789120.000000, 27189248.000000, 17391616.000000
1691085026623418092, 38789120.000000, 27189248.000000, 17391616.000000
1691085027761313915, 38789120.000000, 27189248.000000, 17391616.000000
1691085028918266057, 38789120.000000, 27189248.000000, 17391616.000000
1691085030085933923, 38789120.000000, 27189248.000000, 17391616.000000
1691085031244046926, 38789120.000000, 27189248.000000, 17391616.000000
1691085032430036067, 38789120.000000, 27189248.000000, 17391616.000000
1691085033632230997, 38789120.000000, 27189248.000000, 17391616.000000
1691085034857736110, 38789120.000000, 27189248.000000, 17391616.000000
1691085036063327074, 38789120.000000, 27189248.000000, 17391616.000000
1691085037251991033, 38789120.000000, 27189248.000000, 17391616.000000
1691085038443921089, 38789120.000000, 27189248.000000, 17391616.000000
1691085039631418943, 38789120.000000, 27189248.000000, 17391616.000000
1691085040872566938, 38789120.000000, 27189248.000000, 17391616.000000
1691085042135756969, 38789120.000000, 27189248.000000, 17391616.000000
1691085043268953084, 38789120.000000, 27189248.000000, 17391616.000000
1691085044473077058, 38789120.000000, 27189248.000000, 17391616.000000
1691085045676172971, 38789120.000000, 27189248.000000, 17391616.000000
1691085046856404066, 38789120.000000, 27189248.000000, 17391616.000000
1691085048087266921, 38789120.000000, 27189248.000000, 17391616.000000
1691085049325498104, 38789120.000000, 27189248.000000, 17391616.000000
1691085050521435976, 38789120.000000, 27189248.000000, 17391616.000000
1691085051716535091, 38789120.000000, 27189248.000000, 17391616.000000
1691085052905982971, 38789120.000000, 27189248.000000, 17391616.000000
1691085054122060060, 38789120.000000, 27189248.000000, 17391616.000000
1691085055355290889, 38789120.000000, 27189248.000000, 17391616.000000
1691085056527131080, 38789120.000000, 27189248.000000, 17391616.000000
1691085057685760021, 38789120.000000, 27189248.000000, 17391616.000000
1691085058890628099, 38789120.000000, 27189248.000000, 17391616.000000
1691085060094964027, 38789120.000000, 27189248.000000, 17391616.000000
1691085061293513059, 38789120.000000, 27189248.000000, 17391616.000000
1691085062504461050, 38789120.000000, 27189248.000000, 17391616.000000
1691085063744117975, 38789120.000000, 27189248.000000, 17391616.000000
1691085064908823966, 38789120.000000, 27189248.000000, 17391616.000000
1691085066054044008, 38789120.000000, 27189248.000000, 17391616.000000
1691085067255625009, 38789120.000000, 27189248.000000, 17391616.000000
1691085068442342996, 38789120.000000, 27189248.000000, 17391616.000000
1691085069641205072, 38789120.000000, 27189248.000000, 17391616.000000
1691085070784526109, 38789120.000000, 27189248.000000, 17391616.000000
1691085071916654109, 38789120.000000, 27189248.000000, 17391616.000000
1691085073039813995, 38789120.000000, 27189248.000000, 17391616.000000
1691085074215411901, 38789120.000000, 27189248.000000, 17391616.000000
1691085075416361093, 38789120.000000, 27189248.000000, 17391616.000000
1691085076617382049, 38789120.000000, 27189248.000000, 17391616.000000
1691085077813443899, 38789120.000000, 27189248.000000, 17391616.000000
1691085079029715061, 38789120.000000, 27189248.000000, 17391616.000000
1691085080257949113, 38789120.000000, 27189248.000000, 17391616.000000
1691085081496958971, 38789120.000000, 27189248.000000, 17391616.000000
1691085082657810926, 38789120.000000, 27189248.000000, 17391616.000000
1691085083854566097, 38789120.000000, 27189248.000000, 17391616.000000
1691085085033128023, 38789120.000000, 27189248.000000, 17391616.000000
1691085086194319963, 38789120.000000, 27189248.000000, 17391616.000000
1691085087337148904, 38789120.000000, 27189248.000000, 17391616.000000
1691085088475754022, 38789120.000000, 27189248.000000, 17391616.000000
1691085089624833106, 38789120.000000, 27086848.000000, 17391616.000000
1691085090823204040, 38789120.000000, 27086848.000000, 17391616.000000
1691085091977571964, 38789120.000000, 27086848.000000, 17391616.000000
1691085093131748914, 38789120.000000, 27086848.000000, 17391616.000000
1691085094262008905, 38789120.000000, 27086848.000000, 17391616.000000
1691085095416254997, 38789120.000000, 27086848.000000, 17391616.000000
1691085096617197990, 38789120.000000, 27086848.000000, 17391616.000000
1691085097786798000, 38789120.000000, 27086848.000000, 17391616.000000
1691085098997598886, 38789120.000000, 27086848.000000, 17391616.000000
1691085100174336910, 38789120.000000, 27086848.000000, 17391616.000000
1691085101317131996, 38789120.000000, 27086848.000000, 17391616.000000
1691085102464528083, 38789120.000000, 27086848.000000, 17391616.000000
1691085103697191953, 38789120.000000, 27086848.000000, 17391616.000000
1691085104860801935, 38789120.000000, 27086848.000000, 17391616.000000
1691085106078597068, 38789120.000000, 27086848.000000, 17391616.000000
1691085107331021070, 38789120.000000, 27086848.000000, 17391616.000000
1691085108535373926, 38789120.000000, 27086848.000000, 17391616.000000
1691085109698040962, 38789120.000000, 27086848.000000, 17391616.000000
1691085110897620916, 38789120.000000, 27086848.000000, 17391616.000000
1691085112085093975, 38789120.000000, 27086848.000000, 17391616.000000
1691085113234968900, 38789120.000000, 27086848.000000, 17391616.000000
1691085114368412971, 38789120.000000, 27086848.000000, 17391616.000000
1691085115493048906, 38789120.000000, 27086848.000000, 17391616.000000
1691085116654422998, 38789120.000000, 27086848.000000, 17391616.000000
1691085117829699039, 38789120.000000, 27086848.000000, 17391616.000000
1691085119139743089, 38789120.000000, 27086848.000000, 17391616.000000
1691085120293689966, 38789120.000000, 27086848.000000, 17391616.000000
1691085121497102975, 38789120.000000, 27086848.000000, 17391616.000000
1691085122724009990, 38789120.000000, 27086848.000000, 17391616.000000
1691085123935046911, 38789120.000000, 27086848.000000, 17391616.000000
1691085125181334972, 38789120.000000, 27086848.000000, 17391616.000000
1691085126391731023, 38789120.000000, 27086848.000000, 17391616.000000
1691085127580391883, 38789120.000000, 27086848.000000, 17391616.000000
1691085128855706930, 38789120.000000, 27086848.000000, 17391616.000000
1691085130079242944, 38789120.000000, 27086848.000000, 17391616.000000
1691085131272505044, 38789120.000000, 27086848.000000, 17391616.000000
1691085132491660118, 38789120.000000, 27086848.000000, 17391616.000000
1691085133704520940, 38789120.000000, 27086848.000000, 17391616.000000
1691085134876966953, 38789120.000000, 27086848.000000, 17391616.000000
1691085136000989913, 38789120.000000, 27086848.000000, 17391616.000000
1691085137198184013, 38789120.000000, 27086848.000000, 17391616.000000
1691085138419318914, 38789120.000000, 27086848.000000, 17391616.000000
1691085139626802921, 38789120.000000, 27086848.000000, 17391616.000000
1691085140883176088, 38789120.000000, 27086848.000000, 17391616.000000
1691085142066174030, 38789120.000000, 27086848.000000, 17391616.000000
1691085143262008905, 38789120.000000, 27086848.000000, 17391616.000000
1691085144411793947, 38789120.000000, 27086848.000000, 17391616.000000
1691085145577203035, 38789120.000000, 27086848.000000, 17391616.000000
1691085146742455005, 38789120.000000, 27086848.000000, 17391616.000000
1691085147899307012, 38789120.000000, 27086848.000000, 17391616.000000
1691085149074615955, 38789120.000000, 27086848.000000, 17391616.000000
1691085150265702009, 38789120.000000, 27086848.000000, 17391616.000000
1691085151454547882, 38789120.000000, 27086848.000000, 17391616.000000
1691085152631428003, 38789120.000000, 27086848.000000, 17391616.000000
1691085153755227088, 38789120.000000, 27086848.000000, 17391616.000000
1691085154938653945, 38789120.000000, 27086848.000000, 17391616.000000
1691085156076838016, 38789120.000000, 27086848.000000, 17391616.000000
1691085157234823942, 38789120.000000, 27086848.000000, 17391616.000000
1691085158368268013, 38789120.000000, 27086848.000000, 17391616.000000
1691085159570290088, 38789120.000000, 27086848.000000, 17391616.000000
1691085160755862951, 38789120.000000, 27086848.000000, 17391616.000000
1691085161930717945, 38789120.000000, 27086848.000000, 17391616.000000
1691085163132500886, 38789120.000000, 27086848.000000, 17391616.000000
1691085164400229930, 38789120.000000, 27086848.000000, 17391616.000000
1691085165568994998, 38789120.000000, 27086848.000000, 17391616.000000
1691085166769366979, 38789120.000000, 27086848.000000, 17391616.000000
1691085168031352043, 38789120.000000, 27086848.000000, 17391616.000000
1691085169226748943, 38789120.000000, 27086848.000000, 17391616.000000
1691085170474009037, 38789120.000000, 27086848.000000, 17391616.000000
1691085171653017044, 38789120.000000, 27086848.000000, 17391616.000000
1691085172926815986, 38789120.000000, 27086848.000000, 17391616.000000
1691085174154700994, 38789120.000000, 27086848.000000, 17391616.000000
1691085175333954095, 38789120.000000, 27086848.000000, 17391616.000000
1691085176501349925, 38789120.000000, 27086848.000000, 17391616.000000
1691085177634239912, 38789120.000000, 27086848.000000, 17391616.000000
1691085178824420928, 38789120.000000, 27086848.000000, 17391616.000000
1691085180033458948, 38789120.000000, 27086848.000000, 17391616.000000
1691085181200676918, 38789120.000000, 27086848.000000, 17391616.000000
1691085182469940900, 38789120.000000, 27086848.000000, 17391616.000000
1691085183729738950, 38789120.000000, 27086848.000000, 17391616.000000
1691085185083169937, 38789120.000000, 27086848.000000, 17391616.000000
1691085186358767032, 38789120.000000, 27086848.000000, 17391616.000000
1691085187508757114, 38789120.000000, 27086848.000000, 17391616.000000
1691085188686939954, 38789120.000000, 27086848.000000, 17391616.000000
1691085189851196050, 38789120.000000, 27086848.000000, 17391616.000000
1691085191046389102, 38789120.000000, 27086848.000000, 17391616.000000
1691085192216744899, 38789120.000000, 27086848.000000, 17391616.000000
1691085193434894084, 38789120.000000, 27086848.000000, 17391616.000000
1691085194621330022, 38789120.000000, 27086848.000000, 17391616.000000
1691085195870498895, 38789120.000000, 27086848.000000, 17391616.000000
1691085197076492071, 38789120.000000, 27086848.000000, 17391616.000000
1691085198302236080, 38789120.000000, 27086848.000000, 17391616.000000
1691085199530500888, 38789120.000000, 27086848.000000, 17391616.000000
1691085200739542007, 38789120.000000, 27086848.000000, 17391616.000000
1691085201933124065, 38789120.000000, 27086848.000000, 17391616.000000
1691085203092309951, 38789120.000000, 27086848.000000, 17391616.000000
1691085204272716999, 38789120.000000, 27086848.000000, 17391616.000000
1691085205450699090, 38789120.000000, 27086848.000000, 17391616.000000
1691085206715975999, 38789120.000000, 27086848.000000, 17391616.000000
1691085207953460931, 38789120.000000, 27086848.000000, 17391616.000000
1691085209080694913, 38789120.000000, 27086848.000000, 17391616.000000
1691085210260134935, 38789120.000000, 27086848.000000, 17391616.000000
1691085211453401088, 38789120.000000, 27086848.000000, 17391616.000000
1691085212649519920, 38789120.000000, 27086848.000000, 17391616.000000
1691085213847067117, 38789120.000000, 27086848.000000, 17391616.000000
1691085215049293994, 38789120.000000, 27086848.000000, 17391616.000000
1691085216294553041, 38789120.000000, 27086848.000000, 17391616.000000
1691085217477035999, 38789120.000000, 27086848.000000, 17391616.000000
1691085218682596921, 38789120.000000, 27086848.000000, 17391616.000000
1691085219867222070, 38789120.000000, 27086848.000000, 17391616.000000
1691085221028898954, 38789120.000000, 27086848.000000, 17391616.000000
1691085222209573984, 38789120.000000, 27086848.000000, 17391616.000000
1691085223527215003, 38789120.000000, 27086848.000000, 17391616.000000
1691085224783621072, 38789120.000000, 27086848.000000, 17391616.000000
1691085226043837070, 38789120.000000, 27086848.000000, 17391616.000000
1691085227247508049, 38789120.000000, 27086848.000000, 17391616.000000
1691085228466069936, 38789120.000000, 27086848.000000, 17391616.000000
1691085229659051895, 38789120.000000, 27086848.000000, 17391616.000000
1691085230854626893, 38789120.000000, 27086848.000000, 17391616.000000
1691085232096692085, 38789120.000000, 27086848.000000, 17391616.000000
1691085233270298004, 38789120.000000, 27086848.000000, 17391616.000000
1691085234439681053, 38789120.000000, 27086848.000000, 17391616.000000
1691085235643747091, 38789120.000000, 27086848.000000, 17391616.000000
1691085236840809106, 38789120.000000, 27070464.000000, 17391616.000000
1691085238067126035, 38789120.000000, 27070464.000000, 17391616.000000
1691085239263529062, 38789120.000000, 27070464.000000, 17391616.000000
1691085240500180006, 38789120.000000, 27070464.000000, 17391616.000000
1691085241680186986, 38789120.000000, 27070464.000000, 17391616.000000
1691085242883224964, 38789120.000000, 27070464.000000, 17391616.000000
1691085244142366886, 38789120.000000, 27070464.000000, 17391616.000000
1691085245323431015, 38789120.000000, 27070464.000000, 17391616.000000
1691085246580096960, 38789120.000000, 27070464.000000, 17391616.000000
1691085247710637092, 38789120.000000, 27070464.000000, 17391616.000000
1691085248844096899, 38789120.000000, 27070464.000000, 17391616.000000
1691085249944479942, 38789120.000000, 27070464.000000, 17391616.000000
1691085251091722965, 38789120.000000, 27070464.000000, 17391616.000000
1691085252286825895, 38789120.000000, 27070464.000000, 17391616.000000
1691085253467318058, 38789120.000000, 27070464.000000, 17391616.000000
1691085254618068933, 38789120.000000, 27070464.000000, 17391616.000000
1691085255878026962, 38789120.000000, 27070464.000000, 17391616.000000
1691085257021200895, 38789120.000000, 27070464.000000, 17391616.000000
1691085258257150888, 38789120.000000, 27070464.000000, 17391616.000000
1691085259432640075, 38789120.000000, 27070464.000000, 17391616.000000
1691085260624798059, 38789120.000000, 27070464.000000, 17391616.000000
1691085261835428953, 38789120.000000, 27070464.000000, 17391616.000000
1691085263030534029, 38789120.000000, 27070464.000000, 17391616.000000
1691085264208786010, 38789120.000000, 27070464.000000, 17391616.000000
1691085265347587108, 38789120.000000, 27070464.000000, 17391616.000000
1691085266490240097, 38789120.000000, 27070464.000000, 17391616.000000
1691085267660831928, 38789120.000000, 27070464.000000, 17391616.000000
1691085268855240106, 38789120.000000, 27070464.000000, 17391616.000000
1691085270051060914, 38789120.000000, 27070464.000000, 17391616.000000
1691085271235071897, 38789120.000000, 27070464.000000, 17391616.000000
1691085272449212074, 38789120.000000, 27070464.000000, 17391616.000000
1691085273685306072, 38789120.000000, 27070464.000000, 17391616.000000
1691085274830001115, 38789120.000000, 27070464.000000, 17391616.000000
1691085275957356929, 38789120.000000, 27070464.000000, 17391616.000000
1691085277141177892, 38789120.000000, 27070464.000000, 17391616.000000
1691085278382240056, 38789120.000000, 27070464.000000, 17391616.000000
1691085279481328010, 38789120.000000, 27070464.000000, 17391616.000000
1691085280598365068, 38789120.000000, 27070464.000000, 17391616.000000
1691085281735584020, 38789120.000000, 27070464.000000, 17391616.000000
1691085282865098953, 38789120.000000, 27070464.000000, 17391616.000000
1691085284039783000, 38789120.000000, 27070464.000000, 17391616.000000
1691085285219733953, 38789120.000000, 27070464.000000, 17391616.000000
1691085286417546987, 38789120.000000, 27070464.000000, 17391616.000000
1691085287564868927, 38789120.000000, 27070464.000000, 17391616.000000
1691085288724421024, 38789120.000000, 27070464.000000, 17391616.000000
1691085289927228927, 38789120.000000, 27070464.000000, 17391616.000000
1691085291107175111, 38789120.000000, 27070464.000000, 17391616.000000
1691085292266866922, 38789120.000000, 27070464.000000, 17391616.000000
1691085293451482057, 38789120.000000, 27070464.000000, 17391616.000000
1691085294588979005, 38789120.000000, 27070464.000000, 17391616.000000
1691085295802249908, 38789120.000000, 27070464.000000, 17391616.000000
1691085296993083000, 38789120.000000, 27070464.000000, 17391616.000000
1691085298215795040, 38789120.000000, 27070464.000000, 17391616.000000
1691085299444152116, 38789120.000000, 27070464.000000, 17391616.000000
1691085300654980897, 38789120.000000, 27070464.000000, 17391616.000000
1691085301933301925, 38789120.000000, 27070464.000000, 17391616.000000
1691085303086294889, 38789120.000000, 27070464.000000, 17391616.000000
1691085304314523935, 38789120.000000, 27070464.000000, 17391616.000000
1691085305510255098, 38789120.000000, 27070464.000000, 17391616.000000
1691085306659336090, 38789120.000000, 27070464.000000, 17391616.000000
1691085307851092100, 38789120.000000, 27070464.000000, 17391616.000000
1691085309082170963, 38789120.000000, 27070464.000000, 17391616.000000
1691085310312838077, 38789120.000000, 27070464.000000, 17391616.000000
1691085311493083953, 38789120.000000, 27070464.000000, 17391616.000000
1691085312711400032, 38789120.000000, 27070464.000000, 17391616.000000
1691085313870399951, 38789120.000000, 27070464.000000, 17391616.000000
1691085315068974018, 38789120.000000, 27070464.000000, 17391616.000000
1691085316301966905, 38789120.000000, 27070464.000000, 17391616.000000
1691085317506802082, 38789120.000000, 27070464.000000, 17391616.000000
1691085318677977085, 38789120.000000, 27070464.000000, 17391616.000000
1691085319861483097, 38789120.000000, 27070464.000000, 17391616.000000
1691085321059386968, 38789120.000000, 27070464.000000, 17391616.000000
1691085322400456905, 38789120.000000, 27070464.000000, 17391616.000000
1691085323703321933, 38789120.000000, 27070464.000000, 17391616.000000
1691085324994163036, 38789120.000000, 27070464.000000, 17391616.000000
1691085326194355010, 38789120.000000, 27070464.000000, 17391616.000000
1691085327436687946, 38789120.000000, 27070464.000000, 17391616.000000
1691085328621047019, 38789120.000000, 27070464.000000, 17391616.000000
1691085329825856924, 38789120.000000, 27070464.000000, 17391616.000000
1691085331023403882, 38789120.000000, 27070464.000000, 17391616.000000
1691085332211636066, 38789120.000000, 27070464.000000, 17391616.000000
1691085333397676944, 38789120.000000, 27070464.000000, 17391616.000000
1691085334656162023, 38789120.000000, 27070464.000000, 17391616.000000
1691085335847632884, 38789120.000000, 27070464.000000, 17391616.000000
1691085337014884948, 38789120.000000, 27070464.000000, 17391616.000000
1691085338227428913, 38789120.000000, 27070464.000000, 17391616.000000
1691085339401614904, 38789120.000000, 27070464.000000, 17391616.000000
1691085340584886074, 38789120.000000, 27070464.000000, 17391616.000000
1691085341765898942, 38789120.000000, 27070464.000000, 17391616.000000
1691085343026983022, 38789120.000000, 27070464.000000, 17391616.000000
1691085344252470016, 38789120.000000, 27070464.000000, 17391616.000000
1691085345406327009, 38789120.000000, 27070464.000000, 17391616.000000
1691085346611521005, 38789120.000000, 27070464.000000, 17391616.000000
1691085347823586940, 38789120.000000, 27070464.000000, 17391616.000000
1691085349027873992, 38789120.000000, 27070464.000000, 17391616.000000
1691085350215893030, 38789120.000000, 27070464.000000, 17391616.000000
1691085351443531990, 38789120.000000, 27070464.000000, 17391616.000000
1691085352645775079, 38789120.000000, 27070464.000000, 17391616.000000
1691085353780895948, 38789120.000000, 27070464.000000, 17391616.000000
1691085354980292081, 38789120.000000, 27070464.000000, 17391616.000000
1691085356180200099, 38789120.000000, 27070464.000000, 17391616.000000
1691085357437150001, 38789120.000000, 27070464.000000, 17391616.000000
1691085358601670026, 38789120.000000, 27070464.000000, 17391616.000000
1691085359705290079, 38789120.000000, 27070464.000000, 17391616.000000
1691085360886847019, 38789120.000000, 27070464.000000, 17391616.000000
1691085362038408994, 38789120.000000, 27070464.000000, 17391616.000000
1691085363149178028, 38789120.000000, 27070464.000000, 17391616.000000
1691085364287050008, 38789120.000000, 27070464.000000, 17391616.000000
1691085365486680984, 38789120.000000, 27070464.000000, 17391616.000000
1691085366666273117, 38789120.000000, 27070464.000000, 17391616.000000
1691085367896596908, 38789120.000000, 27070464.000000, 17391616.000000
1691085369056581974, 38789120.000000, 27070464.000000, 17391616.000000
1691085370235977888, 38789120.000000, 27070464.000000, 17391616.000000
1691085371446593046, 38789120.000000, 27070464.000000, 17391616.000000
1691085372599868059, 38789120.000000, 27070464.000000, 17391616.000000
1691085373763788938, 38789120.000000, 27070464.000000, 17391616.000000
1691085374906151056, 38789120.000000, 27070464.000000, 17391616.000000
1691085376062654018, 38789120.000000, 27070464.000000, 17391616.000000
1691085377241283893, 38789120.000000, 27070464.000000, 17391616.000000
1691085378363774061, 38789120.000000, 27070464.000000, 17391616.000000
1691085379524554014, 38789120.000000, 27070464.000000, 17391616.000000
1691085380770692110, 38789120.000000, 27070464.000000, 17391616.000000
1691085381959398984, 38789120.000000, 27086848.000000, 17391616.000000
1691085383098858118, 38789120.000000, , , 17391616.000000
1691085384241547107, 38789120.000000, , , 17391616.000000
1691085385376564025, 38789120.000000, , , 17391616.000000
1691085386492300033, 38789120.000000, , , 17391616.000000
1691085387611361980, 38789120.000000, , , 17391616.000000
1691085388734160900, 38789120.000000, , , 17391616.000000
1691085389930783987, 38789120.000000, , , 17391616.000000
1691085391105417013, 38789120.000000, , , 17391616.000000
1691085392274183034, 38789120.000000, , , 17391616.000000
1691085393421622991, 38789120.000000, , , 17391616.000000
1691085394554843902, 38789120.000000, , , 17391616.000000
1691085395681678056, 38789120.000000, , , 17391616.000000
1691085396838079929, 38789120.000000, , , 17391616.000000
1691085397946613073, 38789120.000000, , , 17391616.000000
1691085399081140995, 38789120.000000, , , 17391616.000000
1691085400195090055, 38789120.000000, , , 17391616.000000
1691085401298530101, 38789120.000000, , , 17391616.000000
1691085402415252923, 38789120.000000, , , 17391616.000000
1691085403608577013, 38789120.000000, , , 17391616.000000
1691085404765377998, 38789120.000000, , , 17391616.000000
1691085405966622114, 38789120.000000, , , 17391616.000000
1691085407131571054, 38789120.000000, , , 17391616.000000
1691085408352479934, 38789120.000000, , , 17391616.000000
1691085409576617956, 38789120.000000, , , 17391616.000000
1691085410710277080, 38789120.000000, , , 17391616.000000
1691085411828288078, 38789120.000000, , , 17391616.000000
1691085412920322895, 38789120.000000, , , 17391616.000000
